AA,OneLetter,MW,Specific Volume,Molar Refraction,Molar Refraction SD,Refraction per gram,Refraction per gram SD,Refractive Index,dn/dc raw,dn/dc
GLY,G,56.93,0.64,12.81,0.1,0.225,0.001756543,1.621,0.176,0.175
ALA,A,70.87,0.74,17.15,0.15,0.242,0.002116551,1.568,0.167,0.167
VAL,V,99,0.86,26.73,0.13,0.27,0.001313131,1.54,0.173,0.172
LEU,L,113.23,0.9,31.59,0.15,0.279,0.001324737,1.532,0.174,0.173
ILE,I,113.01,0.9,31.87,0.2,0.282,0.001769755,1.539,0.179,0.179
SER,S,87.09,0.63,19.16,0.1,0.22,0.001148237,1.615,0.17,0.17
THR,T,100.93,0.7,23.82,0.1,0.236,0.000990786,1.589,0.172,0.172
PRO,P,96.9,0.76,23.74,0.1,0.245,0.001031992,1.558,0.165,0.165
MET,M,130.99,0.75,34.45,0.05,0.263,0.000381709,1.619,0.205,0.204
CYS,C,204.12,0.63,48.58,0,0.238,0,1.68,0.206,0.206
PHE,F,147.07,0.77,42.21,0.15,0.287,0.001019922,1.668,0.244,0.244
TYR,Y,163.01,0.71,44.34,0,0.272,0,1.692,0.24,0.24
TRP,W,185.99,0.74,55.24,0.3,0.297,0.00161299,1.735,0.278,0.278
HIS,H,136.84,0.67,34.62,0.15,0.253,0.001096171,1.679,0.219,0.219
ARG,R,156.01,0.7,39.47,0.1,0.253,0.000640985,1.643,0.206,0.206
LYS,K,128.2,0.82,34.1,0.2,0.266,0.001560062,1.562,0.181,0.181
ASP,D,114.8,0.6,26.06,0,0.227,0,1.681,0.197,0.197
GLU,E,129.06,0.66,30.07,0.15,0.233,0.00116225,1.624,0.183,0.183
ASN,N,113.93,0.62,26.09,0.2,0.229,0.001755464,1.66,0.192,0.192
GLN,Q,128.14,0.67,30.37,0.2,0.237,0.001560793,1.625,0.187,0.186
-,-,0,0,0,0,0,0,0,0,0
